temps;Consigne tangage PC;Effort milli N;;temps;Consigne tangage PC;Effort milli N
0,009;51;0;;4,002;51;441
0,03;51;0;;4,015;51;441
0,043;51;-10;;4,024;51;432
0,049;51;-10;;4,032;51;432
0,058;51;0;;4,045;51;432
0,068;51;-10;;4,053;51;422
0,079;51;-10;;4,064;51;422
0,09;51;-10;;4,073;51;432
0,098;51;0;;4,083;51;422
0,109;51;0;;4,103;51;422
0,12;51;-10;;4,113;51;432
0,13;51;-10;;4,132;51;432
0,139;51;0;;4,143;51;432
0,149;51;0;;4,154;51;432
0,158;51;-10;;4,162;51;432
0,169;51;-10;;4,173;51;432
0,179;51;0;;4,184;51;432
0,19;51;0;;4,194;51;432
0,198;51;-10;;4,203;51;432
0,209;51;0;;4,213;51;441
0,218;51;0;;4,222;51;432
0,228;51;-10;;4,241;51;441
0,239;51;0;;4,252;51;432
0,247;51;-10;;4,263;51;441
0,26;51;0;;4,273;51;432
0,269;51;-10;;4,284;51;432
0,277;51;-10;;4,292;51;432
0,288;51;0;;4,303;51;432
0,299;51;-10;;4,312;51;432
0,307;51;-10;;4,322;51;432
0,318;51;0;;4,333;51;441
0,329;51;0;;4,352;51;432
0,339;51;-10;;4,363;51;432
0,348;51;-10;;4,374;51;432
0,358;51;-10;;4,384;51;432
0,369;51;0;;4,393;51;422
0,378;51;-10;;4,403;51;422
0,388;51;-10;;4,412;51;432
0,399;51;-10;;4,423;51;432
0,407;51;0;;4,433;51;432
0,42;51;-10;;4,442;51;441
0,429;51;0;;4,461;51;432
0,437;51;0;;4,474;51;432
0,457;51;-10;;4,482;51;432
0,469;51;-10;;4,495;51;432
0,48;51;0;;4,504;51;432
0,489;51;-10;;4,514;51;432
0,499;51;-10;;4,523;51;432
0,508;51;-10;;4,531;51;432
0,521;51;-10;;4,542;51;441
0,527;51;0;;4,553;51;441
0,54;51;-10;;4,563;51;432
0,55;51;-10;;4,572;51;432
0,559;51;0;;4,583;51;432
0,57;51;0;;4,595;51;441
0,578;51;-10;;4,61;51;432
0,589;51;-10;;4,627;51;422
0,599;51;0;;4,632;51;432
0,608;51;0;;4,642;51;432
0,619;51;-10;;4,653;51;432
0,629;51;0;;4,664;51;432
0,638;51;-10;;4,672;51;432
0,649;51;-10;;4,683;51;441
0,657;51;-10;;4,691;51;432
0,668;51;-10;;4,711;51;432
0,678;51;0;;4,721;51;432
0,687;51;0;;4,732;51;422
0,706;51;0;;4,743;51;422
0,717;51;-10;;4,76;51;422
0,73;51;-10;;4,777;51;432
0,738;51;-10;;4,783;51;422
0,749;51;-10;;4,794;51;422
0,757;51;-10;;4,802;51;422
0,768;51;0;;4,813;51;422
0,779;51;-10;;4,822;51;432
0,787;51;-10;;4,832;51;432
0,798;51;-10;;4,843;51;432
0,809;51;-10;;4,854;51;432
0,819;51;0;;4,862;51;441
0,828;51;0;;4,873;51;432
0,838;51;-10;;4,881;51;441
0,847;51;0;;4,892;51;441
0,858;51;-10;;4,903;51;441
0,868;51;-10;;4,911;51;441
0,877;51;0;;4,924;51;451
0,89;51;-10;;4,937;51;451
0,9;51;0;;4,941;51;441
0,907;51;0;;4,952;51;451
0,917;51;-10;;4,962;51;441
0,928;51;-10;;4,971;51;432
0,939;51;0;;4,982;51;441
0,947;51;-10;;4,992;51;441
0,958;51;0;;5,001;51;432
0,966;51;-10;;5,011;51;441
0,979;51;-10;;5,022;51;441
0,988;51;-10;;5,041;51;441
0,998;51;-10;;5,052;51;451
1,007;51;-10;;5,063;51;451
1,018;51;0;;5,073;51;441
1,037;51;-10;;5,082;51;441
1,048;51;0;;5,095;51;441
1,058;51;0;;5,103;51;441
1,067;51;-10;;5,112;51;441
1,077;51;0;;5,122;51;441
1,088;51;-10;;5,131;51;441
1,097;51;-10;;5,142;51;441
1,107;51;-10;;5,152;51;441
1,118;51;-10;;5,161;51;441
1,129;51;0;;5,174;51;441
1,137;51;0;;5,182;51;441
1,148;51;-10;;5,191;51;451
1,156;51;0;;5,201;51;441
1,176;51;-10;;5,212;51;451
1,186;51;-10;;5,223;40;432
1,199;51;0;;5,231;40;441
1,208;51;-10;;5,242;40;441
1,216;51;0;;5,261;40;441
1,229;51;-10;;5,272;40;432
1,237;51;0;;5,282;40;441
1,246;51;0;;5,291;40;441
1,257;51;-10;;5,302;40;441
1,267;51;-10;;5,312;40;441
1,286;51;-10;;5,323;40;441
1,297;51;-10;;5,331;40;451
1,316;51;-10;;5,342;40;441
1,327;51;0;;5,353;40;441
1,338;51;-10;;5,361;40;451
1,348;51;-10;;5,372;40;451
1,357;51;-10;;5,383;40;441
1,368;51;-10;;5,4;40;451
1,376;51;0;;5,412;40;441
1,395;51;-10;;5,421;40;432
1,408;51;-10;;5,432;40;441
1,417;51;0;;5,44;40;451
1,427;51;-10;;5,453;40;451
1,438;51;-10;;5,462;40;451
1,446;51;0;;5,47;40;461
1,459;51;0;;5,481;40;461
1,466;51;0;;5,491;40;461
1,478;51;-10;;5,511;40;461
1,487;51;-10;;5,521;40;461
1,498;51;-10;;5,532;40;461
1,508;51;-10;;5,54;40;471
1,519;51;-10;;5,551;40;471
1,528;51;0;;5,562;40;471
1,536;51;0;;5,57;40;471
1,547;51;-10;;5,581;40;471
1,557;51;0;;5,592;40;471
1,568;51;0;;5,6;40;471
1,577;51;-10;;5,611;40;471
1,587;51;0;;5,622;40;481
1,596;51;0;;5,632;40;481
1,606;51;-10;;5,641;40;471
1,617;51;0;;5,651;40;471
1,626;51;0;;5,66;40;471
1,636;51;-10;;5,671;40;481
1,647;51;0;;5,681;40;471
1,656;51;-10;;5,69;40;471
1,668;51;-10;;5,7;40;471
1,677;51;0;;5,711;40;471
1,685;51;-10;;5,73;40;481
1,698;51;-10;;5,741;40;481
1,709;51;0;;5,752;40;481
1,715;51;-10;;5,76;40;481
1,728;51;0;;5,771;40;481
1,739;51;0;;5,782;40;481
1,756;51;0;;5,79;40;481
1,766;51;-10;;5,801;40;490
1,777;51;-10;;5,811;40;481
1,786;51;-10;;5,82;40;481
1,796;51;-10;;5,831;40;471
1,805;51;-10;;5,841;40;481
1,816;51;-10;;5,85;40;481
1,826;51;0;;5,86;40;471
1,837;51;-10;;5,871;40;471
1,848;51;0;;5,88;40;471
1,856;51;-10;;5,89;40;471
1,867;51;-10;;5,901;40;471
1,875;51;0;;5,91;40;481
1,886;51;-10;;5,92;40;471
1,897;51;-10;;5,931;40;461
1,905;51;-10;;5,939;40;471
1,916;51;-10;;5,95;40;471
1,927;51;0;;5,961;40;471
1,937;51;-10;;5,971;40;461
1,946;51;-10;;5,98;40;471
1,958;51;0;;5,991;40;481
1,967;51;0;;6,001;40;471
1,976;51;-10;;6,01;40;461
1,986;51;-10;;6,02;40;471
1,997;51;0;;6,031;40;481
2,008;51;0;;6,04;40;471
2,018;51;0;;6,05;40;471
2,027;51;-10;;6,061;40;481
2,037;51;0;;6,07;40;481
2,046;51;0;;6,08;40;471
2,057;51;0;;6,091;40;471
2,067;51;-10;;6,099;40;490
2,076;51;0;;6,11;40;490
2,087;51;0;;6,121;40;481
2,097;51;-10;;6,129;40;481
2,114;51;-10;;6,14;40;481
2,127;51;0;;6,151;40;490
2,138;51;-10;;6,159;40;481
2,146;51;-10;;6,17;40;481
2,155;51;0;;6,18;40;481
2,168;51;0;;6,2;40;481
2,176;51;0;;6,21;40;471
2,185;51;-10;;6,23;40;471
2,195;51;-10;;6,24;40;471
2,208;51;0;;6,251;40;481
2,217;51;0;;6,259;40;481
2,225;51;-10;;6,27;40;471
2,236;51;0;;6,281;40;481
2,255;51;-10;;6,289;40;481
2,268;51;0;;6,3;40;481
2,276;51;-10;;6,311;40;481
2,287;51;0;;6,319;40;471
2,296;51;0;;6,33;40;471
2,308;51;-10;;6,34;40;471
2,315;51;-20;;6,349;40;471
2,325;51;-20;;6,36;40;471
2,338;51;-10;;6,37;40;461
2,345;51;-10;;6,379;40;461
2,355;51;-10;;6,39;40;471
2,366;51;-10;;6,4;40;471
2,377;51;-20;;6,409;40;461
2,385;51;-20;;6,419;40;461
2,396;51;-20;;6,43;40;471
2,404;51;-20;;6,449;40;471
2,417;51;0;;6,46;40;471
2,426;51;10;;6,471;40;471
2,434;51;0;;6,479;40;461
2,447;51;0;;6,49;40;471
2,456;51;10;;6,5;40;471
2,475;51;10;;6,509;40;471
2,485;51;10;;6,52;40;461
2,498;51;20;;6,53;40;461
2,515;51;29;;6,539;40;471
2,526;51;29;;6,55;40;471
2,537;51;29;;6,56;40;461
2,547;51;39;;6,569;40;471
2,556;51;39;;6,579;40;471
2,567;51;49;;6,59;40;461
2,575;51;49;;6,599;40;461
2,588;51;69;;6,609;40;461
2,596;51;78;;6,62;40;461
2,605;51;108;;6,628;40;461
2,616;51;108;;6,641;40;461
2,626;51;118;;6,65;40;461
2,637;51;128;;6,669;40;461
2,645;51;128;;6,68;40;461
2,656;51;157;;6,69;40;471
2,667;51;147;;6,699;40;471
2,675;51;177;;6,71;40;461
2,686;51;167;;6,72;40;461
2,695;51;177;;6,729;40;471
2,705;51;186;;6,739;40;471
2,716;51;177;;6,75;40;461
2,724;51;196;;6,759;40;471
2,735;51;196;;6,769;40;471
2,746;51;206;;6,78;40;461
2,756;51;235;;6,788;40;461
2,765;51;226;;6,799;40;471
2,776;51;265;;6,81;40;471
2,784;51;275;;6,82;40;461
2,797;51;294;;6,829;40;461
2,805;51;314;;6,84;40;471
2,816;51;314;;6,85;40;471
2,825;51;314;;6,859;40;471
2,837;51;334;;6,87;40;471
2,844;51;324;;6,88;40;471
2,855;51;324;;6,889;40;471
2,865;51;334;;6,899;40;471
2,874;51;334;;6,91;40;471
2,884;51;343;;6,919;40;471
2,897;51;353;;6,929;40;461
2,904;51;353;;6,94;40;471
2,916;51;353;;6,959;40;461
2,925;51;373;;6,97;40;471
2,936;51;363;;6,989;40;481
2,946;51;363;;7;40;481
2,955;51;383;;7,01;40;471
2,965;51;383;;7,019;40;471
2,976;51;383;;7,03;40;471
2,985;51;392;;7,04;40;471
2,995;51;402;;7,049;40;471
3,006;51;392;;7,059;40;471
3,015;51;402;;7,07;40;471
3,025;51;402;;7,079;40;461
3,034;51;392;;7,089;40;471
3,053;51;412;;7,1;40;471
3,066;51;402;;7,108;40;461
3,076;51;412;;7,119;40;461
3,085;51;422;;7,13;40;461
3,093;51;422;;7,138;40;461
3,106;51;422;;7,149;40;461
3,115;51;422;;7,16;40;451
3,123;51;422;;7,172;40;461
3,134;51;422;;7,183;40;471
3,145;51;422;;7,19;40;461
3,155;51;422;;7,198;40;461
3,166;51;422;;7,209;40;461
3,175;51;422;;7,219;40;461
3,185;51;432;;7,228;40;461
3,196;51;432;;7,239;40;461
3,204;51;422;;7,249;40;471
3,215;51;432;;7,258;40;461
3,226;51;432;;7,271;40;461
3,234;51;422;;7,279;40;471
3,245;51;422;;7,29;40;471
3,253;51;432;;7,301;40;471
3,264;51;432;;7,313;40;471
3,275;51;432;;7,324;40;461
3,283;51;432;;7,328;40;471
3,303;51;441;;7,339;40;471
3,315;51;432;;7,358;40;481
3,326;51;432;;7,369;40;471
3,335;51;441;;7,379;40;471
3,345;51;441;;7,388;40;481
3,356;51;441;;7,399;40;481
3,364;51;441;;7,409;40;471
3,375;51;441;;7,418;40;471
3,384;51;451;;7,428;40;481
3,394;51;451;;7,439;30;481
3,405;51;451;;7,45;30;481
3,413;51;441;;7,458;30;481
3,424;51;441;;7,469;30;481
3,435;51;441;;7,48;30;481
3,445;51;441;;7,497;30;490
3,454;51;441;;7,507;30;490
3,475;51;451;;7,518;30;481
3,488;51;441;;7,529;30;481
3,497;51;441;;7,539;30;481
3,509;51;451;;7,55;30;481
3,516;51;441;;7,559;30;490
3,524;51;441;;7,569;30;481
3,535;51;441;;7,58;30;471
3,544;51;441;;7,589;30;481
3,554;51;441;;7,599;30;471
3,565;51;441;;7,61;30;461
3,576;51;441;;7,618;30;471
3,584;51;432;;7,629;30;471
3,593;51;441;;7,64;30;471
3,603;51;441;;7,648;30;471
3,614;51;441;;7,661;30;481
3,625;51;441;;7,67;30;481
3,635;51;451;;7,68;30;481
3,644;51;441;;7,689;30;481
3,655;51;432;;7,697;30;481
3,665;51;441;;7,708;30;481
3,674;51;441;;7,719;30;481
3,684;51;432;;7,729;30;481
3,695;51;432;;7,74;30;481
3,704;51;432;;7,749;30;481
3,714;51;432;;7,759;30;481
3,723;51;432;;7,77;30;481
3,733;51;432;;7,778;30;481
3,744;51;432;;7,789;30;481
3,753;51;432;;7,798;30;481
3,765;51;432;;7,81;30;471
3,774;51;432;;7,827;30;481
3,783;51;432;;7,838;30;471
3,793;51;441;;7,849;30;481
3,804;51;441;;7,857;30;481
3,812;51;432;;7,868;30;481
3,823;51;441;;7,879;30;481
3,834;51;432;;7,889;30;471
3,844;51;432;;7,9;30;481
3,855;51;432;;7,911;30;481
3,864;51;441;;7,919;30;471
3,874;51;441;;7,928;30;471
3,883;51;432;;7,938;30;490
3,893;51;432;;7,949;30;490
3,904;51;441;;7,966;30;490
3,913;51;432;;7,977;30;481
3,923;51;432;;7,99;30;490
3,934;51;432;;7,998;30;481
3,943;51;432;;8,009;30;481
3,953;51;432;;8,019;30;490
3,966;51;432;;8,03;30;500
3,975;51;432;;8,039;30;500
3,985;51;432;;8,049;30;500
3,996;51;432;;8,058;30;500
4,002;51;441;;8,069;30;500
4,015;51;441;;8,079;30;490
4,024;51;432;;8,09;30;481
4,032;51;432;;8,107;30;490
4,045;51;432;;8,118;30;481
4,053;51;422;;8,128;30;490
4,064;51;422;;8,139;30;490
4,073;51;432;;8,147;30;481
4,083;51;422;;8,16;30;490
4,103;51;422;;8,167;30;490
4,113;51;432;;8,177;30;481
4,132;51;432;;8,19;30;490
4,143;51;432;;8,199;30;490
4,154;51;432;;8,216;30;490
4,162;51;432;;8,226;30;481
4,173;51;432;;8,237;30;481
4,184;51;432;;8,25;30;471
4,194;51;432;;8,256;30;481
4,203;51;432;;8,269;30;481
4,213;51;441;;8,278;30;471
4,222;51;432;;8,288;30;481
4,241;51;441;;8,297;30;490
4,252;51;432;;8,307;30;490
4,263;51;441;;8,318;30;490
4,273;51;432;;8,329;30;490
4,284;51;432;;8,337;30;490
4,292;51;432;;8,348;30;481
4,303;51;432;;8,357;30;481
4,312;51;432;;8,367;30;490
4,322;51;432;;8,38;30;490
4,333;51;441;;8,389;30;490
4,352;51;432;;8,397;30;490
4,363;51;432;;8,41;30;490
4,374;51;432;;8,416;30;490
4,384;51;432;;8,427;30;490
4,393;51;422;;8,438;30;481
4,403;51;422;;8,448;30;481
4,412;51;432;;8,459;30;490
4,423;51;432;;8,467;30;500
4,433;51;432;;8,476;30;490
4,442;51;441;;8,489;30;490
4,461;51;432;;8,499;30;500
4,474;51;432;;8,508;30;500
4,482;51;432;;8,519;30;490
4,495;51;432;;8,527;30;500
4,504;51;432;;8,546;30;510
4,514;51;432;;8,557;30;500
4,523;51;432;;8,568;30;500
4,531;51;432;;8,576;30;510
4,542;51;441;;8,587;30;500
4,553;51;441;;8,598;30;490
4,563;51;432;;8,606;30;490
4,572;51;432;;8,617;30;500
4,583;51;432;;8,63;30;500
4,595;51;441;;8,636;30;500
4,61;51;432;;8,647;30;490
4,627;51;422;;8,657;30;490
4,632;51;432;;8,666;30;490
4,642;51;432;;8,677;30;490
4,653;51;432;;8,687;30;490
4,664;51;432;;8,698;30;500
4,672;51;432;;8,709;30;500
4,683;51;441;;8,717;30;490
4,691;51;432;;8,726;30;500
4,711;51;432;;8,736;30;500
4,721;51;432;;8,747;30;500
4,732;51;422;;8,766;30;500
4,743;51;422;;8,779;30;510
4,76;51;422;;8,787;30;510
4,777;51;432;;8,798;30;510
4,783;51;422;;8,807;30;500
4,794;51;422;;8,817;30;510
4,802;51;422;;8,826;30;510
4,813;51;422;;8,839;30;510
4,822;51;432;;8,847;30;500
4,832;51;432;;8,856;30;500
4,843;51;432;;8,866;30;510
4,854;51;432;;8,877;30;510
4,862;51;441;;8,888;30;500
4,873;51;432;;8,896;30;510
4,881;51;441;;8,909;30;510
4,892;51;441;;8,915;30;500
4,903;51;441;;8,926;30;510
4,911;51;441;;8,937;30;500
4,924;51;451;;8,947;30;500
4,937;51;451;;8,958;30;500
4,941;51;441;;8,969;30;500
4,952;51;451;;8,977;30;510
4,962;51;441;;8,988;30;500
4,971;51;432;;8,997;30;500
4,982;51;441;;9,007;30;500
4,992;51;441;;9,018;30;490
5,001;51;432;;9,029;30;500
5,011;51;441;;9,037;30;500
5,022;51;441;;9,048;30;500
5,041;51;441;;9,056;30;510
5,052;51;451;;9,067;30;510
5,063;51;451;;9,075;30;500
5,073;51;441;;9,086;30;500
5,082;51;441;;9,097;30;510
5,095;51;441;;9,107;30;510
5,103;51;441;;9,116;30;500
5,112;51;441;;9,127;30;500
5,122;51;441;;9,135;30;510
5,131;51;441;;9,148;30;510
5,142;51;441;;9,157;30;500
5,152;51;441;;9,167;30;490
5,161;51;441;;9,176;30;510
5,174;51;441;;9,186;30;500
5,182;51;441;;9,195;30;490
5,191;51;451;;9,208;30;481
5,201;51;441;;9,216;30;500
5,212;51;451;;9,227;30;500
5,223;40;432;;9,238;30;500
5,231;40;441;;9,248;30;490
5,242;40;441;;9,265;30;490
5,261;40;441;;9,276;30;481
5,272;40;432;;9,287;30;481
5,282;40;441;;9,297;30;490
5,291;40;441;;9,306;30;490
5,302;40;441;;9,317;30;490
5,312;40;441;;9,327;30;490
5,323;40;441;;9,338;30;500
5,331;40;451;;9,349;30;510
5,342;40;441;;9,357;30;510
5,353;40;441;;9,374;30;490
5,361;40;451;;9,385;30;490
5,372;40;451;;9,398;30;500
5,383;40;441;;9,406;30;490
5,4;40;451;;9,417;30;500
5,412;40;441;;9,425;30;500
5,421;40;432;;9,436;30;500
5,432;40;441;;9,445;30;490
5,44;40;451;;9,455;30;490
5,453;40;451;;9,466;30;500
5,462;40;451;;9,485;30;490
5,47;40;461;;9,496;30;500
5,481;40;461;;9,506;30;500
5,491;40;461;;9,515;30;500
5,511;40;461;;9,526;30;500
5,521;40;461;;9,536;30;500
5,532;40;461;;9,545;30;490
5,54;40;471;;9,556;20;500
5,551;40;471;;9,566;20;490
5,562;40;471;;9,577;20;500
5,57;40;471;;9,594;20;490
5,581;40;471;;9,607;20;500
5,592;40;471;;9,617;20;490
5,6;40;471;;9,626;20;481
5,611;40;471;;9,637;20;481
5,622;40;481;;9,647;20;471
5,632;40;481;;9,656;20;490
5,641;40;471;;9,666;20;500
5,651;40;471;;9,677;20;490
5,66;40;471;;9,686;20;481
5,671;40;481;;9,705;20;500
5,681;40;471;;9,715;20;500
5,69;40;471;;9,726;20;490
5,7;40;471;;9,735;20;490
5,711;40;471;;9,745;20;490
5,73;40;481;;9,758;20;481
5,741;40;481;;9,769;20;490
5,752;40;481;;9,777;20;490
5,76;40;481;;9,786;20;490
5,771;40;481;;9,797;20;500
5,782;40;481;;9,805;20;500
5,79;40;481;;9,816;20;490
5,801;40;490;;9,826;20;500
5,811;40;481;;9,843;20;520
5,82;40;481;;9,854;20;510
5,831;40;471;;9,865;20;510
5,841;40;481;;9,875;20;510
5,85;40;481;;9,886;20;500
5,86;40;471;;9,895;20;481
5,871;40;471;;9,905;20;490
5,88;40;471;;9,914;20;510
5,89;40;471;;9,927;20;510
5,901;40;471;;9,935;20;510
5,91;40;481;;9,946;20;510
5,92;40;471;;9,957;20;500
5,931;40;461;;9,965;20;510
5,939;40;471;;9,976;20;520
5,95;40;471;;9,984;20;520
5,961;40;471;;9,995;20;530
5,971;40;461;;10,008;20;540
5,98;40;471;;10,014;20;530
5,991;40;481;;10,025;20;530
6,001;40;471;;10,036;20;520
6,01;40;461;;10,046;20;520
6,02;40;471;;10,063;20;510
6,031;40;481;;10,076;20;510
6,04;40;471;;10,087;20;520
6,05;40;471;;10,095;20;530
6,061;40;481;;10,104;20;520
6,07;40;481;;10,117;20;520
6,08;40;471;;10,127;20;530
6,091;40;471;;10,136;20;540
6,099;40;490;;10,144;20;540
6,11;40;490;;10,157;20;540
6,121;40;481;;10,166;20;540
6,129;40;481;;10,174;20;540
6,14;40;481;;10,187;20;530
6,151;40;490;;10,196;20;510
6,159;40;481;;10,206;20;510
6,17;40;481;;10,217;20;520
6,18;40;481;;10,225;20;530
6,2;40;481;;10,234;20;520
6,21;40;471;;10,247;20;530
6,23;40;471;;10,257;20;530
6,24;40;471;;10,266;20;540
6,251;40;481;;10,274;20;530
6,259;40;481;;10,285;20;530
6,27;40;471;;10,296;20;549
6,281;40;481;;10,306;20;549
6,289;40;481;;10,315;20;549
6,3;40;481;;10,324;20;559
6,311;40;481;;10,336;20;549
6,319;40;471;;10,345;20;540
6,33;40;471;;10,353;20;530
6,34;40;471;;10,366;20;520
6,349;40;471;;10,375;20;520
6,36;40;471;;10,385;20;530
6,37;40;461;;10,396;20;530
6,379;40;461;;10,405;20;530
6,39;40;471;;10,415;20;540
6,4;40;471;;10,426;20;540
6,409;40;461;;10,437;20;540
6,419;40;461;;10,454;20;540
6,43;40;471;;10,466;20;549
6,449;40;471;;10,475;20;549
6,46;40;471;;10,484;20;540
6,471;40;471;;10,494;20;540
6,479;40;461;;10,507;20;530
6,49;40;471;;10,516;20;520
6,5;40;471;;10,526;20;520
6,509;40;471;;10,535;20;520
6,52;40;461;;10,543;20;520
6,53;40;461;;10,554;20;530
6,539;40;471;;10,567;20;540
6,55;40;471;;10,573;20;530
6,56;40;461;;10,584;20;540
6,569;40;471;;10,597;20;549
6,579;40;471;;10,603;20;549
6,59;40;461;;10,614;20;549
6,599;40;461;;10,624;20;559
6,609;40;461;;10,644;20;569
6,62;40;461;;10,654;20;549
6,628;40;461;;10,665;20;549
6,641;40;461;;10,673;20;549
6,65;40;461;;10,684;20;540
6,669;40;461;;10,695;20;549
6,68;40;461;;10,703;20;540
6,69;40;471;;10,714;20;540
6,699;40;471;;10,727;20;540
6,71;40;461;;10,735;20;540
6,72;40;461;;10,744;20;530
6,729;40;471;;10,754;20;540
6,739;40;471;;10,765;20;549
6,75;40;461;;10,782;20;559
6,759;40;471;;10,793;20;549
6,769;40;471;;10,806;20;549
6,78;40;461;;10,816;20;540
6,788;40;461;;10,825;20;520
6,799;40;471;;10,833;20;530
6,81;40;471;;10,844;20;540
6,82;40;461;;10,855;20;540
6,829;40;461;;10,865;20;540
6,84;40;471;;10,874;20;540
6,85;40;471;;10,885;20;549
6,859;40;471;;10,893;20;549
6,87;40;471;;10,906;20;549
6,88;40;471;;10,914;20;540
6,889;40;471;;10,923;20;549
6,899;40;471;;10,934;20;549
6,91;40;471;;10,944;20;540
6,919;40;471;;10,955;20;530
6,929;40;461;;10,964;20;520
6,94;40;471;;10,974;20;520
6,959;40;461;;10,983;20;520
6,97;40;471;;10,993;20;520
6,989;40;481;;11,004;20;520
7;40;481;;11,013;20;530
7,01;40;471;;11,025;20;540
7,019;40;471;;11,034;20;530
7,03;40;471;;11,045;20;530
7,04;40;471;;11,055;20;530
7,049;40;471;;11,066;20;540
7,059;40;471;;11,072;20;540
7,07;40;471;;11,085;20;540
7,079;40;461;;11,096;20;549
7,089;40;471;;11,113;20;540
7,1;40;471;;11,124;20;520
7,108;40;461;;11,134;20;520
7,119;40;461;;11,143;20;530
7,13;40;461;;11,153;20;530
7,138;40;461;;11,166;20;530
7,149;40;461;;11,175;20;530
7,16;40;451;;11,185;20;530
7,172;40;461;;11,196;20;530
7,183;40;471;;11,205;20;520
7,19;40;461;;11,213;20;520
7,198;40;461;;11,224;20;530
7,209;40;461;;11,234;20;540
7,219;40;461;;11,245;20;540
7,228;40;461;;11,256;20;530
7,239;40;461;;11,262;20;520
7,249;40;471;;11,275;20;520
7,258;40;461;;11,284;20;500
7,271;40;461;;11,292;20;500
7,279;40;471;;11,303;20;500
7,29;40;471;;11,313;20;510
7,301;40;471;;11,324;20;520
7,313;40;471;;11,333;20;520
7,324;40;461;;11,343;20;520
7,328;40;471;;11,356;10;530
7,339;40;471;;11,365;10;540
7,358;40;481;;11,375;10;540
7,369;40;471;;11,384;10;540
7,379;40;471;;11,392;10;549
7,388;40;481;;11,403;10;549
7,399;40;481;;11,414;10;540
7,409;40;471;;11,424;10;530
7,418;40;471;;11,433;10;530
7,428;40;481;;11,444;10;530
7,439;30;481;;11,454;10;520
7,45;30;481;;11,465;10;520
7,458;30;481;;11,473;10;530
7,469;30;481;;11,484;10;540
7,48;30;481;;11,495;10;540
7,497;30;490;;11,503;10;540
7,507;30;490;;11,512;10;549
7,518;30;481;;11,522;10;559
7,529;30;481;;11,535;10;569
7,539;30;481;;11,544;10;579
7,55;30;481;;11,554;10;589
7,559;30;490;;11,563;10;598
7,569;30;481;;11,574;10;608
7,58;30;471;;11,582;10;608
7,589;30;481;;11,595;10;618
7,599;30;471;;11,604;10;618
7,61;30;461;;11,614;10;628
7,618;30;471;;11,625;10;628
7,629;30;471;;11,633;10;638
7,64;30;471;;11,642;10;628
7,648;30;471;;11,655;10;638
7,661;30;481;;11,663;10;638
7,67;30;481;;11,674;10;638
7,68;30;481;;11,682;10;628
7,689;30;481;;11,695;10;628
7,697;30;481;;11,704;10;628
7,708;30;481;;11,712;10;628
7,719;30;481;;11,723;10;618
7,729;30;481;;11,734;10;618
7,74;30;481;;11,744;10;608
7,749;30;481;;11,753;10;608
7,759;30;481;;11,764;10;598
7,77;30;481;;11,774;10;598
7,778;30;481;;11,785;10;598
7,789;30;481;;11,802;10;608
7,798;30;481;;11,813;10;608
7,81;30;471;;11,823;10;598
7,827;30;481;;11,832;10;608
7,838;30;471;;11,845;10;598
7,849;30;481;;11,855;10;598
7,857;30;481;;11,864;10;608
7,868;30;481;;11,872;10;598
7,879;30;481;;11,885;10;598
7,889;30;471;;11,892;10;608
7,9;30;481;;11,902;10;598
7,911;30;481;;11,915;10;598
7,919;30;471;;11,921;10;589
7,928;30;471;;11,932;10;589
7,938;30;490;;11,945;10;589
7,949;30;490;;11,953;10;579
7,966;30;490;;11,964;10;579
7,977;30;481;;11,973;10;569
7,99;30;490;;11,983;10;579
7,998;30;481;;11,992;10;579
8,009;30;481;;12,005;10;579
8,019;30;490;;12,013;10;579
8,03;30;500;;12,024;10;589
8,039;30;500;;12,032;10;589
8,049;30;500;;12,043;10;589
8,058;30;500;;12,054;10;579
8,069;30;500;;12,062;10;579
8,079;30;490;;12,073;10;579
8,09;30;481;;12,084;10;589
8,107;30;490;;12,094;10;589
8,118;30;481;;12,103;10;579
8,128;30;490;;12,113;10;579
8,139;30;490;;12,124;10;589
8,147;30;481;;12,135;10;589
8,16;30;490;;12,143;10;579
8,167;30;490;;12,152;10;579
8,177;30;481;;12,165;10;579
8,19;30;490;;12,173;10;579
8,199;30;490;;12,182;10;569
8,216;30;490;;12,192;10;569
8,226;30;481;;12,203;10;559
8,237;30;481;;12,212;10;559
8,25;30;471;;12,224;10;559
8,256;30;481;;12,233;10;549
8,269;30;481;;12,244;10;549
8,278;30;471;;12,254;10;549
8,288;30;481;;12,263;10;549
8,297;30;490;;12,273;10;549
8,307;30;490;;12,282;10;530
8,318;30;490;;12,293;10;530
8,329;30;490;;12,303;10;530
8,337;30;490;;12,314;10;530
8,348;30;481;;12,322;10;520
8,357;30;481;;12,331;10;530
8,367;30;490;;12,342;10;540
8,38;30;490;;12,352;10;549
8,389;30;490;;12,363;10;549
8,397;30;490;;12,374;10;540
8,41;30;490;;12,382;10;540
8,416;30;490;;12,393;10;540
8,427;30;490;;12,404;10;549
8,438;30;481;;12,412;10;549
8,448;30;481;;12,423;10;549
8,459;30;490;;12,431;10;559
8,467;30;500;;12,442;10;559
8,476;30;490;;12,453;10;569
8,489;30;490;;12,461;10;569
8,499;30;500;;12,474;10;559
8,508;30;500;;12,482;10;569
8,519;30;490;;12,493;10;559
8,527;30;500;;12,502;10;559
8,546;30;510;;12,517;10;569
8,557;30;500;;12,521;10;559
8,568;30;500;;12,532;10;569
8,576;30;510;;12,544;10;569
8,587;30;500;;12,553;10;579
8,598;30;490;;12,564;10;579
8,606;30;490;;12,574;10;569
8,617;30;500;;12,581;10;569
8,63;30;500;;12,593;10;579
8,636;30;500;;12,602;10;569
8,647;30;490;;12,61;10;569
8,657;30;490;;12,63;10;579
8,666;30;490;;12,642;10;589
8,677;30;490;;12,653;10;589
8,687;30;490;;12,662;10;589
8,698;30;500;;12,672;10;589
8,709;30;500;;12,683;10;598
8,717;30;490;;12,692;10;598
8,726;30;500;;12,702;10;598
8,736;30;500;;12,711;10;598
8,747;30;500;;12,721;10;598
8,766;30;500;;12,741;10;589
8,779;30;510;;12,751;10;589
8,787;30;510;;12,762;10;579
8,798;30;510;;12,773;10;589
8,807;30;500;;12,783;10;589
8,817;30;510;;12,792;10;579
8,826;30;510;;12,802;10;569
8,839;30;510;;12,811;10;579
8,847;30;500;;12,824;10;579
8,856;30;500;;12,83;10;569
8,866;30;510;;12,841;10;569
8,877;30;510;;12,854;10;569
8,888;30;500;;12,86;10;579
8,896;30;510;;12,871;10;569
8,909;30;510;;12,881;10;559
8,915;30;500;;12,89;10;559
8,926;30;510;;12,901;10;569
8,937;30;500;;12,911;10;559
8,947;30;500;;12,92;10;549
8,958;30;500;;12,933;10;549
8,969;30;500;;12,941;10;549
8,977;30;510;;12,952;10;549
8,988;30;500;;12,962;10;549
8,997;30;500;;12,971;10;540
9,007;30;500;;12,982;10;540
9,018;30;490;;12,992;10;540
9,029;30;500;;13,001;10;540
9,037;30;500;;13,012;10;540
9,048;30;500;;13,02;10;530
9,056;30;510;;13,031;10;540
9,067;30;510;;13,041;10;549
9,075;30;500;;13,052;10;549
9,086;30;500;;13,063;10;549
9,097;30;510;;13,071;10;540
9,107;30;510;;13,082;10;540
9,116;30;500;;13,099;10;530
9,127;30;500;;13,11;10;530
9,135;30;510;;13,12;10;530
9,148;30;510;;13,131;10;540
9,157;30;500;;13,142;10;540
9,167;30;490;;13,15;10;540
9,176;30;510;;13,161;10;540
9,186;30;500;;13,169;10;549
9,195;30;490;;13,182;10;549
9,208;30;481;;13,191;10;540
9,216;30;500;;13,21;10;540
9,227;30;500;;13,221;10;549
9,238;30;500;;13,231;0;549
9,248;30;490;;13,242;0;559
9,265;30;490;;13,25;0;549
9,276;30;481;;13,261;0;559
9,287;30;481;;13,27;0;569
9,297;30;490;;13,282;0;569
9,306;30;490;;13,293;0;559
9,317;30;490;;13,302;0;549
9,327;30;490;;13,31;0;549
9,338;30;500;;13,323;0;559
9,349;30;510;;13,332;0;559
9,357;30;510;;13,342;0;559
9,374;30;490;;13,351;0;559
9,385;30;490;;13,359;0;569
9,398;30;500;;13,372;0;579
9,406;30;490;;13,381;0;579
9,417;30;500;;13,389;0;579
9,425;30;500;;13,402;0;589
9,436;30;500;;13,413;0;579
9,445;30;490;;13,43;0;579
9,455;30;490;;13,44;0;579
9,466;30;500;;13,451;0;579
9,485;30;490;;13,462;0;579
9,496;30;500;;13,472;0;579
9,506;30;500;;13,489;0;569
9,515;30;500;;13,5;0;569
9,526;30;500;;13,511;0;569
9,536;30;500;;13,521;0;589
9,545;30;490;;13,53;0;579
9,556;20;500;;13,541;0;579
9,566;20;490;;13,551;0;579
9,577;20;500;;13,562;0;589
9,594;20;490;;13,573;0;598
9,607;20;500;;13,579;0;598
9,617;20;490;;13,59;0;589
9,626;20;481;;13,6;0;569
9,637;20;481;;13,609;0;569
9,647;20;471;;13,622;0;569
9,656;20;490;;13,63;0;569
9,666;20;500;;13,641;0;579
9,677;20;490;;13,652;0;589
9,686;20;481;;13,662;0;589
9,705;20;500;;13,679;0;598
9,715;20;500;;13,692;0;608
9,726;20;490;;13,701;0;608
9,735;20;490;;13,709;0;608
9,745;20;490;;13,722;0;598
9,758;20;481;;13,731;0;598
9,769;20;490;;13,741;0;589
9,777;20;490;;13,75;0;579
9,786;20;490;;13,76;0;579
9,797;20;500;;13,771;0;589
9,805;20;500;;13,782;0;589
9,816;20;490;;13,79;0;589
9,826;20;500;;13,801;0;589
9,843;20;520;;13,812;0;589
9,854;20;510;;13,82;0;598
9,865;20;510;;13,829;0;598
9,875;20;510;;13,839;0;598
9,886;20;500;;13,85;0;589
9,895;20;481;;13,861;0;589
9,905;20;490;;13,871;0;579
9,914;20;510;;13,88;0;589
9,927;20;510;;13,891;0;589
9,935;20;510;;13,901;0;598
9,946;20;510;;13,912;0;589
9,957;20;500;;13,92;0;608
9,965;20;510;;13,929;0;608
9,976;20;520;;13,937;0;608
9,984;20;520;;13,95;0;608
9,995;20;530;;13,961;0;608
10,008;20;540;;13,978;0;598
10,014;20;530;;13,991;0;589
10,025;20;530;;13,999;0;579
10,036;20;520;;14,01;0;579
10,046;20;520;;14,019;0;589
10,063;20;510;;14,029;0;598
10,076;20;510;;14,04;0;598
10,087;20;520;;14,048;0;598
10,095;20;530;;14,061;0;598
10,104;20;520;;14,072;0;598
10,117;20;520;;14,078;0;608
10,127;20;530;;14,089;0;589
10,136;20;540;;14,1;0;579
10,144;20;540;;14,11;0;569
10,157;20;540;;14,121;0;579
10,166;20;540;;14,129;0;579
10,174;20;540;;14,14;0;579
10,187;20;530;;14,149;0;589
10,196;20;510;;14,161;0;598
10,206;20;510;;14,17;0;608
10,217;20;520;;14,181;0;618
10,225;20;530;;14,189;0;618
10,234;20;520;;14,202;0;608
10,247;20;530;;14,213;0;589
10,257;20;530;;14,221;0;589
10,266;20;540;;14,232;0;598
10,274;20;530;;14,243;0;598
10,285;20;530;;14,251;0;598
10,296;20;549;;14,26;0;598
10,306;20;549;;14,27;0;608
10,315;20;549;;14,279;0;608
10,324;20;559;;14,292;0;618
10,336;20;549;;14,3;0;618
10,345;20;540;;14,317;0;598
10,353;20;530;;14,33;0;589
10,366;20;520;;14,341;0;589
10,375;20;520;;14,351;0;589
10,385;20;530;;14,368;0;598
10,396;20;530;;14,381;0;598
10,405;20;530;;14,392;0;598
10,415;20;540;;14,4;0;589
10,426;20;540;;14,411;0;598
10,437;20;540;;14,422;0;598
10,454;20;540;;14,43;0;598
10,466;20;549;;14,439;0;598
10,475;20;549;;14,449;0;579
10,484;20;540;;14,462;0;579
10,494;20;540;;14,471;0;579
10,507;20;530;;14,481;0;589
10,516;20;520;;14,492;0;579
10,526;20;520;;14,501;0;589
10,535;20;520;;14,511;0;589
10,543;20;520;;14,518;0;598
10,554;20;530;;14,531;0;608
10,567;20;540;;14,541;0;608
10,573;20;530;;14,55;0;589
10,584;20;540;;14,56;0;589
10,597;20;549;;14,571;0;579
10,603;20;549;;14,588;0;579
10,614;20;549;;14,599;0;589
10,624;20;559;;14,612;0;589
10,644;20;569;;14,62;0;589
10,654;20;549;;14,631;0;598
10,665;20;549;;14,639;0;589
10,673;20;549;;14,65;0;589
10,684;20;540;;14,659;0;579
10,695;20;549;;14,671;0;559
10,703;20;540;;14,68;0;569
10,714;20;540;;14,691;0;579
10,727;20;540;;14,701;0;579
10,735;20;540;;14,712;0;589
10,744;20;530;;14,718;0;589
10,754;20;540;;14,731;0;598
10,765;20;549;;14,742;0;608
10,782;20;559;;14,748;0;598
10,793;20;549;;14,761;0;589
10,806;20;549;;14,769;0;589
10,816;20;540;;14,78;0;589
10,825;20;520;;14,791;0;589
10,833;20;530;;14,799;0;579
10,844;20;540;;14,808;0;589
10,855;20;540;;14,821;0;598
10,865;20;540;;14,829;0;608
10,874;20;540;;14,842;0;618
10,885;20;549;;14,848;0;618
10,893;20;549;;14,861;0;618
10,906;20;549;;14,868;0;618
10,914;20;540;;14,878;0;608
10,923;20;549;;14,889;0;598
10,934;20;549;;14,9;0;589
10,944;20;540;;14,91;0;589
10,955;20;530;;14,921;0;589
10,964;20;520;;14,927;0;589
10,974;20;520;;14,94;-10;598
10,983;20;520;;14,951;-10;598
10,993;20;520;;14,961;-10;598
11,004;20;520;;14,97;-10;608
11,013;20;530;;14,979;-10;618
11,025;20;540;;14,991;-10;608
11,034;20;530;;15;-10;598
11,045;20;530;;15,011;-10;589
11,055;20;530;;15,017;-10;598
11,066;20;540;;15,028;-10;598
11,072;20;540;;15,038;-10;598
11,085;20;540;;15,057;-10;598
11,096;20;549;;15,07;-10;608
11,113;20;540;;15,087;-10;608
11,124;20;520;;15,098;-10;598
11,134;20;520;;15,109;-10;589
11,143;20;530;;15,119;-10;579
11,153;20;530;;15,128;-10;589
11,166;20;530;;15,139;-10;598
11,175;20;530;;15,147;-10;598
11,185;20;530;;15,16;-10;608
11,196;20;530;;15,171;-10;598
11,205;20;520;;15,179;-10;589
11,213;20;520;;15,188;-10;589
11,224;20;530;;15,2;-10;589
11,234;20;540;;15,211;-10;598
11,245;20;540;;15,22;-10;598
11,256;20;530;;15,23;-10;598
11,262;20;520;;15,241;-10;598
11,275;20;520;;15,249;-10;598
11,284;20;500;;15,26;-10;598
11,292;20;500;;15,269;-10;589
11,303;20;500;;15,277;-10;589
11,313;20;510;;15,288;-10;598
11,324;20;520;;15,299;-10;598
11,333;20;520;;15,307;-10;608
11,343;20;520;;15,32;-10;608
11,356;10;530;;15,328;-10;608
11,365;10;540;;15,341;-10;608
11,375;10;540;;15,35;-10;608
11,384;10;540;;15,36;-10;608
11,392;10;549;;15,369;-10;598
11,403;10;549;;15,377;-10;608
11,414;10;540;;15,388;-10;598
11,424;10;530;;15,399;-10;608
11,433;10;530;;15,416;-10;598
11,444;10;530;;15,429;-10;608
11,454;10;520;;15,439;-10;598
11,465;10;520;;15,45;-10;608
11,473;10;530;;15,461;-10;598
11,484;10;540;;15,469;-10;598
11,495;10;540;;15,48;-10;608
11,503;10;540;;15,491;-10;598
11,512;10;549;;15,499;-10;598
11,522;10;559;;15,51;-10;598
11,535;10;569;;15,518;-10;608
11,544;10;579;;15,529;-10;608
11,554;10;589;;15,537;-10;608
11,563;10;598;;15,557;-10;608
11,574;10;608;;15,569;-10;608
11,582;10;608;;15,578;-10;598
11,595;10;618;;15,587;-10;598
11,604;10;618;;15,597;-10;608
11,614;10;628;;15,61;-10;608
11,625;10;628;;15,619;-10;618
11,633;10;638;;15,629;-10;608
11,642;10;628;;15,64;-10;598
11,655;10;638;;15,648;-10;598
11,663;10;638;;15,659;-10;598
11,674;10;638;;15,67;-10;598
11,682;10;628;;15,68;-10;608
11,695;10;628;;15,695;-10;608
11,704;10;628;;15,71;-10;598
11,712;10;628;;15,719;-10;598
11,723;10;618;;15,727;-10;598
11,734;10;618;;15,738;-10;598
11,744;10;608;;15,749;-10;598
11,753;10;608;;15,759;-10;598
11,764;10;598;;15,768;-10;608
11,774;10;598;;15,776;-10;598
11,785;10;598;;15,789;-10;608
11,802;10;608;;15,806;-10;598
11,813;10;608;;15,819;-10;598
11,823;10;598;;15,828;-10;598
11,832;10;608;;15,838;-10;598
11,845;10;598;;15,847;-10;598
11,855;10;598;;15,857;-10;589
11,864;10;608;;15,866;-10;589
11,872;10;598;;15,877;-10;598
11,885;10;598;;15,889;-10;598
11,892;10;608;;15,898;-10;608
11,902;10;598;;15,909;-10;618
11,915;10;598;;15,917;-10;608
11,921;10;589;;15,928;-10;608
11,932;10;589;;15,939;-10;608
11,945;10;589;;15,949;-10;608
11,953;10;579;;15,958;-10;608
11,964;10;579;;15,966;-10;608
11,973;10;569;;15,977;-10;618
11,983;10;579;;15,988;-10;608
11,992;10;579;;15,998;-10;608
12,005;10;579;;16,007;-10;598
12,013;10;579;;16,026;-10;589
12,024;10;589;;16,037;-10;589
12,032;10;589;;16,047;-10;598
12,043;10;589;;16,056;-10;608
12,054;10;579;;16,069;-10;598
12,062;10;579;;16,079;-10;589
12,073;10;579;;16,09;-10;589
12,084;10;589;;16,099;-10;589
12,094;10;589;;16,107;-10;598
12,103;10;579;;16,118;-10;598
12,113;10;579;;16,128;-10;598
12,124;10;589;;16,139;-10;589
12,135;10;589;;16,148;-10;589
12,143;10;579;;16,165;-10;589
12,152;10;579;;16,177;-10;579
12,165;10;579;;16,19;-10;579
12,173;10;579;;16,199;-10;579
12,182;10;569;;16,216;-10;589
12,192;10;569;;16,229;-10;579
12,203;10;559;;16,239;-10;579
12,212;10;559;;16,248;-10;569
12,224;10;559;;16,256;-10;569
12,233;10;549;;16,269;-10;569
12,244;10;549;;16,276;-10;569
12,254;10;549;;16,288;-10;589
12,263;10;549;;16,299;-10;579
12,273;10;549;;16,305;-10;579
12,282;10;530;;16,316;-10;579
12,293;10;530;;16,327;-10;579
12,303;10;530;;16,337;-10;589
12,314;10;530;;16,346;-10;598
12,322;10;520;;16,357;-10;598
12,331;10;530;;16,365;-10;608
12,342;10;540;;16,376;-10;598
12,352;10;549;;16,389;-10;589
12,363;10;549;;16,397;-10;589
12,374;10;540;;16,406;-10;598
12,382;10;540;;16,419;-10;598
12,393;10;540;;16,427;-10;608
12,404;10;549;;16,438;-10;618
12,412;10;549;;16,448;-10;608
12,423;10;549;;16,465;-10;608
12,431;10;559;;16,476;-10;598
12,442;10;559;;16,495;-10;608
12,453;10;569;;16,506;-10;608
12,461;10;569;;16,517;-10;618
12,474;10;559;;16,525;-10;608
12,482;10;569;;16,538;-20;598
12,493;10;559;;16,547;-20;598
12,502;10;559;;16,555;-20;598
12,517;10;569;;16,566;-20;598
12,521;10;559;;16,576;-20;608
12,532;10;569;;16,587;-20;608
12,544;10;569;;16,598;-20;618
12,553;10;579;;16,606;-20;618
12,564;10;579;;16,617;-20;608
12,574;10;569;;16,628;-20;608
12,581;10;569;;16,636;-20;618
12,593;10;579;;16,647;-20;608
12,602;10;569;;16,655;-20;608
12,61;10;569;;16,668;-20;618
12,63;10;579;;16,677;-20;618
12,642;10;589;;16,689;-20;618
12,653;10;589;;16,698;-20;618
12,662;10;589;;16,709;-20;618
12,672;10;589;;16,717;-20;628
12,683;10;598;;16,728;-20;628
12,692;10;598;;16,739;-20;618
12,702;10;598;;16,747;-20;628
12,711;10;598;;16,758;-20;628
12,721;10;598;;16,768;-20;628
12,741;10;589;;16,777;-20;638
12,751;10;589;;16,788;-20;638
12,762;10;579;;16,798;-20;638
12,773;10;589;;16,809;-20;638
12,783;10;589;;16,817;-20;638
12,792;10;579;;16,826;-20;638
12,802;10;569;;16,839;-20;638
12,811;10;579;;16,847;-20;628
12,824;10;579;;16,858;-20;628
12,83;10;569;;16,867;-20;638
12,841;10;569;;16,875;-20;638
12,854;10;569;;16,886;-20;638
12,86;10;579;;16,894;-20;638
12,871;10;569;;16,905;-20;628
12,881;10;559;;16,916;-20;628
12,89;10;559;;16,935;-20;638
12,901;10;569;;16,946;-20;647
12,911;10;559;;16,956;-20;638
12,92;10;549;;16,965;-20;638
12,933;10;549;;16,975;-20;638
12,941;10;549;;16,986;-20;638
12,952;10;549;;16,995;-20;638
12,962;10;549;;17,005;-20;638
12,971;10;540;;17,016;-20;638
12,982;10;540;;17,024;-20;638
12,992;10;540;;17,035;-20;638
13,001;10;540;;17,046;-20;647
13,012;10;540;;17,054;-20;647
13,02;10;530;;17,065;-20;638
13,031;10;540;;17,076;-20;638
13,041;10;549;;17,084;-20;647
13,052;10;549;;17,097;-20;647
13,063;10;549;;17,105;-20;647
13,071;10;540;;17,114;-20;647
13,082;10;540;;17,127;-20;638
13,099;10;530;;17,138;-20;628
13,11;10;530;;17,146;-20;628
13,12;10;530;;17,159;-20;638
13,131;10;540;;17,165;-20;638
13,142;10;540;;17,184;-20;647
13,15;10;540;;17,197;-20;647
13,161;10;540;;17,208;-20;647
13,169;10;549;;17,216;-20;647
13,182;10;549;;17,227;-20;647
13,191;10;540;;17,238;-20;647
13,21;10;540;;17,246;-20;647
13,221;10;549;;17,257;-20;638
13,231;0;549;;17,266;-20;628
13,242;0;559;;17,274;-20;638
13,25;0;549;;17,287;-20;638
13,261;0;559;;17,295;-20;638
13,27;0;569;;17,304;-20;638
13,282;0;569;;17,317;-20;638
13,293;0;559;;17,325;-20;647
13,302;0;549;;17,336;-20;638
13,31;0;549;;17,347;-20;647
13,323;0;559;;17,355;-20;647
13,332;0;559;;17,374;-20;638
13,342;0;559;;17,387;-20;647
13,351;0;559;;17,396;-20;647
13,359;0;569;;17,404;-20;647
13,372;0;579;;17,415;-20;647
13,381;0;579;;17,426;-20;647
13,389;0;579;;17,434;-20;638
13,402;0;589;;17,447;-20;647
13,413;0;579;;17,458;-20;638
13,43;0;579;;17,466;-20;647
13,44;0;579;;17,475;-20;638
13,451;0;579;;17,487;-20;647
13,462;0;579;;17,496;-20;647
13,472;0;579;;17,504;-20;638
13,489;0;569;;17,517;-20;647
13,5;0;569;;17,526;-20;647
13,511;0;569;;17,536;-20;647
13,521;0;589;;17,545;-20;647
13,53;0;579;;17,558;-20;638
13,541;0;579;;17,566;-20;638
13,551;0;579;;17,575;-20;628
13,562;0;589;;17,586;-20;628
13,573;0;598;;17,596;-20;628
13,579;0;598;;17,605;-20;628
13,59;0;589;;17,615;-20;628
13,6;0;569;;17,626;-20;628
13,609;0;569;;17,637;-20;638
13,622;0;569;;17,654;-20;628
13,63;0;569;;17,667;-20;638
13,641;0;579;;17,677;-20;638
13,652;0;589;;17,686;-20;638
13,662;0;589;;17,694;-20;628
13,679;0;598;;17,705;-20;628
13,692;0;608;;17,716;-20;618
13,701;0;608;;17,724;-20;618
13,709;0;608;;17,737;-20;628
13,722;0;598;;17,746;-20;618
13,731;0;598;;17,754;-20;628
13,741;0;589;;17,767;-20;618
13,75;0;579;;17,778;-20;628
13,76;0;579;;17,786;-20;628
13,771;0;589;;17,795;-20;618
13,782;0;589;;17,805;-20;628
13,79;0;589;;17,814;-20;638
13,801;0;589;;17,824;-20;628
13,812;0;589;;17,844;-20;628
13,82;0;598;;17,854;-20;618
13,829;0;598;;17,865;-20;608
13,839;0;598;;17,874;-20;618
13,85;0;589;;17,884;-20;618
13,861;0;589;;17,895;-20;618
13,871;0;579;;17,906;-20;628
13,88;0;589;;17,914;-20;628
13,891;0;589;;17,925;-20;628
13,901;0;598;;17,933;-20;638
13,912;0;589;;17,944;-20;638
13,92;0;608;;17,955;-20;628
13,929;0;608;;17,963;-20;618
13,937;0;608;;17,974;-20;628
13,95;0;608;;17,984;-20;618
13,961;0;608;;17,995;-20;628
13,978;0;598;;18,006;-20;628
13,991;0;589;;18,014;-20;628
13,999;0;579;;18,023;-20;618
14,01;0;579;;18,036;-20;628
14,019;0;589;;18,044;-20;628
14,029;0;598;;18,055;-20;628
14,04;0;598;;18,063;-20;638
14,048;0;598;;18,074;-20;638
14,061;0;598;;18,087;-20;628
14,072;0;598;;18,095;-20;628
14,078;0;608;;18,106;-20;628
14,089;0;589;;18,115;-20;638
14,1;0;579;;18,125;-20;638
14,11;0;569;;18,134;-20;628
14,121;0;579;;18,147;-20;628
14,129;0;579;;18,157;-20;628
14,14;0;579;;18,166;-20;628
14,149;0;589;;18,179;-30;628
14,161;0;598;;18,187;-30;638
14,17;0;608;;18,196;-30;618
14,181;0;618;;18,206;-30;628
14,189;0;618;;18,215;-30;618
14,202;0;608;;18,223;-30;628
14,213;0;589;;18,236;-30;628
14,221;0;589;;18,245;-30;628
14,232;0;598;;18,253;-30;628
14,243;0;598;;18,266;-30;638
14,251;0;598;;18,275;-30;628
14,26;0;598;;18,287;-30;618
14,27;0;608;;18,296;-30;628
14,279;0;608;;18,313;-30;638
14,292;0;618;;18,326;-30;647
14,3;0;618;;18,336;-30;647
14,317;0;598;;18,345;-30;647
14,33;0;589;;18,354;-30;638
14,341;0;589;;18,366;-30;638
14,351;0;589;;18,375;-30;657
14,368;0;598;;18,386;-30;647
14,381;0;598;;18,396;-30;647
14,392;0;598;;18,407;-30;647
14,4;0;589;;18,415;-30;647
14,411;0;598;;18,426;-30;647
14,422;0;598;;18,437;-30;638
14,43;0;598;;18,445;-30;647
14,439;0;598;;18,456;-30;647
14,449;0;579;;18,464;-30;638
14,462;0;579;;18,473;-30;647
14,471;0;579;;18,484;-30;638
14,481;0;589;;18,494;-30;647
14,492;0;579;;18,503;-30;647
14,501;0;589;;18,516;-30;657
14,511;0;589;;18,524;-30;657
14,518;0;598;;18,535;-30;647
14,531;0;608;;18,546;-30;638
14,541;0;608;;18,554;-30;647
14,55;0;589;;18,565;-30;647
14,56;0;589;;18,573;-30;647
14,571;0;579;;18,586;-30;647
14,588;0;579;;18,595;-30;647
14,599;0;589;;18,603;-30;647
14,612;0;589;;18,616;-30;647
14,62;0;589;;18,624;-30;647
14,631;0;598;;18,635;-30;657
14,639;0;589;;18,646;-30;657
14,65;0;589;;18,656;-30;647
14,659;0;579;;18,665;-30;638
14,671;0;559;;18,674;-30;647
14,68;0;569;;18,684;-30;647
14,691;0;579;;18,695;-30;647
14,701;0;579;;18,703;-30;647
14,712;0;589;;18,714;-30;647
14,718;0;589;;18,725;-30;647
14,731;0;598;;18,733;-30;647
14,742;0;608;;18,742;-30;657
14,748;0;598;;18,755;-30;657
14,761;0;589;;18,765;-30;657
14,769;0;589;;18,774;-30;647
14,78;0;589;;18,784;-30;638
14,791;0;589;;18,795;-30;647
14,799;0;579;;18,806;-30;647
14,808;0;589;;18,812;-30;647
14,821;0;598;;18,825;-30;647
14,829;0;608;;18,836;-30;647
14,842;0;618;;18,844;-30;638
14,848;0;618;;18,855;-30;647
14,861;0;618;;18,866;-30;647
14,868;0;618;;18,872;-30;657
14,878;0;608;;18,885;-30;657
14,889;0;598;;18,893;-30;657
14,9;0;589;;18,904;-30;647
14,91;0;589;;18,915;-30;647
14,921;0;589;;18,923;-30;647
14,927;0;589;;18,932;-30;657
14,94;-10;598;;18,944;-30;657
14,951;-10;598;;18,953;-30;647
14,961;-10;598;;18,962;-30;657
14,97;-10;608;;18,974;-30;647
14,979;-10;618;;18,983;-30;647
14,991;-10;608;;18,994;-30;657
15;-10;598;;19,006;-30;657
15,011;-10;589;;19,015;-30;647
15,017;-10;598;;19,023;-30;647
15,028;-10;598;;19,032;-30;647
15,038;-10;598;;19,045;-30;647
15,057;-10;598;;19,055;-30;647
15,07;-10;608;;19,064;-30;647
15,087;-10;608;;19,075;-30;647
15,098;-10;598;;19,085;-30;657
15,109;-10;589;;19,094;-30;647
15,119;-10;579;;19,104;-30;647
15,128;-10;589;;19,113;-30;657
15,139;-10;598;;19,124;-30;657
15,147;-10;598;;19,141;-30;657
15,16;-10;608;;19,151;-30;657
15,171;-10;598;;19,164;-30;647
15,179;-10;589;;19,175;-30;657
15,188;-10;589;;19,183;-30;657
15,2;-10;589;;19,194;-30;657
15,211;-10;598;;19,205;-30;667
15,22;-10;598;;19,213;-30;657
15,23;-10;598;;19,226;-30;657
15,241;-10;598;;19,235;-30;647
15,249;-10;598;;19,243;-30;647
15,26;-10;598;;19,256;-30;657
15,269;-10;589;;19,264;-30;647
15,277;-10;589;;19,282;-30;647
15,288;-10;598;;19,294;-30;647
15,299;-10;598;;19,305;-30;647
15,307;-10;608;;19,314;-30;647
15,32;-10;608;;19,324;-30;657
15,328;-10;608;;19,335;-30;657
15,341;-10;608;;19,343;-30;657
15,35;-10;608;;19,354;-30;657
15,36;-10;608;;19,365;-30;667
15,369;-10;598;;19,373;-30;657
15,377;-10;608;;19,382;-30;667
15,388;-10;598;;19,395;-30;667
15,399;-10;608;;19,405;-30;657
15,416;-10;598;;19,414;-30;647
15,429;-10;608;;19,422;-30;657
15,439;-10;598;;19,433;-30;657
15,45;-10;608;;19,444;-30;657
15,461;-10;598;;19,454;-30;657
15,469;-10;598;;19,463;-30;657
15,48;-10;608;;19,474;-30;657
15,491;-10;598;;19,484;-30;667
15,499;-10;598;;19,493;-30;667
15,51;-10;598;;19,503;-30;657
15,518;-10;608;;19,514;-30;667
15,529;-10;608;;19,523;-30;667
15,537;-10;608;;19,535;-30;667
15,557;-10;608;;19,542;-30;667
15,569;-10;608;;19,555;-30;667
15,578;-10;598;;19,563;-30;667
15,587;-10;598;;19,572;-30;677
15,597;-10;608;;19,585;-30;677
15,61;-10;608;;19,591;-30;677
15,619;-10;618;;19,604;-30;687
15,629;-10;608;;19,612;-30;687
15,64;-10;598;;19,623;-30;677
15,648;-10;598;;19,631;-30;687
15,659;-10;598;;19,642;-30;677
15,67;-10;598;;19,653;-30;677
15,68;-10;608;;19,661;-30;667
15,695;-10;608;;19,674;-30;677
15,71;-10;598;;19,685;-30;667
15,719;-10;598;;19,691;-30;677
15,727;-10;598;;19,704;-30;667
15,738;-10;598;;19,713;-30;677
15,749;-10;598;;19,721;-30;667
15,759;-10;598;;19,734;-30;667
15,768;-10;608;;19,742;-30;667
15,776;-10;598;;19,755;-30;667
15,789;-10;608;;19,762;-30;667
15,806;-10;598;;19,781;-40;667
15,819;-10;598;;19,794;-40;677
15,828;-10;598;;19,802;-40;667
15,838;-10;598;;19,811;-40;677
15,847;-10;598;;19,821;-40;677
15,857;-10;589;;19,832;-40;687
15,866;-10;589;;19,843;-40;677
15,877;-10;598;;19,853;-40;677
15,889;-10;598;;19,864;-40;677
15,898;-10;608;;19,873;-40;677
15,909;-10;618;;19,89;-40;677
15,917;-10;608;;19,905;-40;687
15,928;-10;608;;19,913;-40;677
15,939;-10;608;;19,924;-40;677
15,949;-10;608;;19,934;-40;677
15,958;-10;608;;19,943;-40;677
15,966;-10;608;;19,954;-40;677
15,977;-10;618;;19,971;-40;677
15,988;-10;608;;19,983;-40;687
15,998;-10;608;;19,992;-40;677
16,007;-10;598;;20,003;-40;687
16,026;-10;589;;20,011;-40;697
16,037;-10;589;;20,024;-40;697
16,047;-10;598;;20,035;-40;697
16,056;-10;608;;20,043;-40;706
16,069;-10;598;;20,054;-40;697
16,079;-10;589;;20,062;-40;687
16,09;-10;589;;20,073;-40;697
16,099;-10;589;;20,082;-40;697
16,107;-10;598;;20,092;-40;706
16,118;-10;598;;20,101;-40;706
16,128;-10;598;;20,114;-40;706
16,139;-10;589;;20,12;-40;697
16,148;-10;589;;20,133;-40;697
16,165;-10;589;;20,143;-40;706
16,177;-10;579;;20,152;-40;697
16,19;-10;579;;20,163;-40;706
16,199;-10;579;;20,173;-40;716
16,216;-10;589;;20,19;-40;697
16,229;-10;579;;20,203;-40;706
16,239;-10;579;;20,22;-40;706
16,248;-10;569;;20,233;-40;716
16,256;-10;569;;20,244;-40;706
16,269;-10;569;;20,254;-40;706
16,276;-10;569;;20,263;-40;706
16,288;-10;589;;20,271;-40;706
16,299;-10;579;;20,284;-40;697
16,305;-10;579;;20,291;-40;706
16,316;-10;579;;20,303;-40;716
16,327;-10;579;;20,312;-40;706
16,337;-10;589;;20,323;-40;706
16,346;-10;598;;20,331;-40;697
16,357;-10;598;;20,342;-40;706
16,365;-10;608;;20,359;-40;706
16,376;-10;598;;20,372;-40;706
16,389;-10;589;;20,385;-40;697
16,397;-10;589;;20,393;-40;706
16,406;-10;598;;20,402;-40;706
16,419;-10;598;;20,41;-40;706
16,427;-10;608;;20,421;-40;716
16,438;-10;618;;20,431;-40;716
16,448;-10;608;;20,44;-40;706
16,465;-10;608;;20,453;-40;716
16,476;-10;598;;20,463;-40;706
16,495;-10;608;;20,472;-40;706
16,506;-10;608;;20,481;-40;706
16,517;-10;618;;20,491;-40;716
16,525;-10;608;;20,502;-40;716
16,538;-20;598;;20,513;-40;716
16,547;-20;598;;20,523;-40;716
16,555;-20;598;;20,53;-40;706
16,566;-20;598;;20,542;-40;706
16,576;-20;608;;20,553;-40;706
16,587;-20;608;;20,562;-40;706
16,598;-20;618;;20,57;-40;706
16,606;-20;618;;20,583;-40;716
16,617;-20;608;;20,591;-40;716
16,628;-20;608;;20,604;-40;716
16,636;-20;618;;20,613;-40;716
16,647;-20;608;;20,621;-40;716
16,655;-20;608;;20,634;-40;716
16,668;-20;618;;20,643;-40;716
16,677;-20;618;;20,653;-40;726
16,689;-20;618;;20,662;-40;726
16,698;-20;618;;20,673;-40;716
16,709;-20;618;;20,683;-40;716
16,717;-20;628;;20,692;-40;706
16,728;-20;628;;20,702;-40;716
16,739;-20;618;;20,713;-40;706
16,747;-20;628;;20,724;-40;706
16,758;-20;628;;20,732;-40;716
16,768;-20;628;;20,743;-40;716
16,777;-20;638;;20,751;-40;706
16,788;-20;638;;20,762;-40;706
16,798;-20;638;;20,771;-40;697
16,809;-20;638;;20,783;-40;697
16,817;-20;638;;20,792;-40;706
16,826;-20;638;;20,803;-40;706
16,839;-20;638;;20,811;-40;706
16,847;-20;628;;20,822;-40;697
16,858;-20;628;;20,833;-40;706
16,867;-20;638;;20,841;-40;697
16,875;-20;638;;20,852;-40;706
16,886;-20;638;;20,86;-40;716
16,894;-20;638;;20,871;-40;706
16,905;-20;628;;20,884;-40;706
16,916;-20;628;;20,892;-40;716
16,935;-20;638;;20,909;-40;706
16,946;-20;647;;20,922;-40;706
16,956;-20;638;;20,933;-40;706
16,965;-20;638;;20,941;-40;706
16,975;-20;638;;20,952;-40;706
16,986;-20;638;;20,963;-40;716
16,995;-20;638;;20,971;-40;706
17,005;-20;638;;20,982;-40;697
17,016;-20;638;;20,993;-40;706
17,024;-20;638;;21,001;-40;706
17,035;-20;638;;21,012;-40;697
17,046;-20;647;;21,02;-40;697
17,054;-20;647;;21,033;-40;706
17,065;-20;638;;21,039;-40;706
17,076;-20;638;;21,052;-40;706
17,084;-20;647;;21,059;-40;706
17,097;-20;647;;21,069;-40;706
17,105;-20;647;;21,082;-40;706
17,114;-20;647;;21,099;-40;706
17,127;-20;638;;21,112;-40;706
17,138;-20;628;;21,121;-40;706
17,146;-20;628;;21,131;-40;706
17,159;-20;638;;21,14;-40;697
17,165;-20;638;;21,153;-40;697
17,184;-20;647;;21,161;-40;706
17,197;-20;647;;21,172;-40;706
17,208;-20;647;;21,182;-40;697
17,216;-20;647;;21,189;-40;697
17,227;-20;647;;21,199;-40;706
17,238;-20;647;;21,21;-40;697
17,246;-20;647;;21,221;-40;706
17,257;-20;638;;21,232;-51;706
17,266;-20;628;;21,242;-51;706
17,274;-20;638;;21,251;-51;706
17,287;-20;638;;21,259;-51;697
17,295;-20;638;;21,272;-51;697
17,304;-20;638;;21,283;-51;697
17,317;-20;638;;21,289;-51;697
17,325;-20;647;;21,302;-51;706
17,336;-20;638;;21,31;-51;706
17,347;-20;647;;21,319;-51;697
17,355;-20;647;;21,332;-51;706
17,374;-20;638;;21,349;-51;706
17,387;-20;647;;21,362;-51;706
17,396;-20;647;;21,379;-51;706
17,404;-20;647;;21,389;-51;706
17,415;-20;647;;21,402;-51;706
17,426;-20;647;;21,411;-51;706
17,434;-20;638;;21,421;-51;706
17,447;-20;647;;21,432;-51;706
17,458;-20;638;;21,441;-51;697
17,466;-20;647;;21,449;-51;706
17,475;-20;638;;21,462;-51;716
17,487;-20;647;;21,468;-51;716
17,496;-20;647;;21,481;-51;706
17,504;-20;638;;21,492;-51;716
17,517;-20;647;;21,5;-51;706
17,526;-20;647;;21,513;-51;716
17,536;-20;647;;21,519;-51;716
17,545;-20;647;;21,532;-51;716
17,558;-20;638;;21,541;-51;716
17,566;-20;638;;21,551;-51;716
17,575;-20;628;;21,56;-51;716
17,586;-20;628;;21,569;-51;716
17,596;-20;628;;21,581;-51;716
17,605;-20;628;;21,59;-51;716
17,615;-20;628;;21,601;-51;716
17,626;-20;628;;21,611;-51;726
17,637;-20;638;;21,62;-51;726
17,654;-20;628;;21,628;-51;736
17,667;-20;638;;21,641;-51;746
17,677;-20;638;;21,652;-51;736
17,686;-20;638;;21,66;-51;736
17,694;-20;628;;21,671;-51;726
17,705;-20;628;;21,679;-51;736
17,716;-20;618;;21,69;-51;736
17,724;-20;618;;21,701;-51;736
17,737;-20;628;;21,711;-51;736
17,746;-20;618;;21,72;-51;746
17,754;-20;628;;21,731;-51;736
17,767;-20;618;;21,741;-51;736
17,778;-20;628;;21,75;-51;736
17,786;-20;628;;21,758;-51;726
17,795;-20;618;;21,769;-51;726
17,805;-20;628;;21,782;-51;736
17,814;-20;638;;21,788;-51;726
17,824;-20;628;;21,801;-51;736
17,844;-20;628;;21,81;-51;726
17,854;-20;618;;21,82;-51;726
17,865;-20;608;;21,831;-51;736
17,874;-20;618;;21,848;-51;736
17,884;-20;618;;21,861;-51;726
17,895;-20;618;;21,871;-51;726
17,906;-20;628;;21,882;-51;726
17,914;-20;628;;21,891;-51;716
17,925;-20;628;;21,901;-51;726
17,933;-20;638;;21,91;-51;716
17,944;-20;638;;21,921;-51;716
17,955;-20;628;;21,931;-51;706
17,963;-20;618;;21,94;-51;706
17,974;-20;628;;21,95;-51;716
17,984;-20;618;;21,961;-51;716
17,995;-20;628;;21,97;-51;706
18,006;-20;628;;21,98;-51;716
18,014;-20;628;;21,991;-51;726
18,023;-20;618;;21,999;-51;726
18,036;-20;628;;22,01;-51;716
18,044;-20;628;;22,021;-51;726
18,055;-20;628;;22,031;-51;726
18,063;-20;638;;22,04;-51;736
18,074;-20;638;;22,051;-51;736
18,087;-20;628;;22,059;-51;726
18,095;-20;628;;22,07;-51;726
18,106;-20;628;;22,081;-51;716
18,115;-20;638;;22,091;-51;726
18,125;-20;638;;22,1;-51;716
18,134;-20;628;;22,11;-51;726
18,147;-20;628;;22,121;-51;726
18,157;-20;628;;22,13;-51;726
18,166;-20;628;;22,14;-51;726
18,179;-30;628;;22,151;-51;726
18,187;-30;638;;22,159;-51;716
18,196;-30;618;;22,17;-51;726
18,206;-30;628;;22,181;-51;726
18,215;-30;618;;22,189;-51;736
18,223;-30;628;;22,2;-51;736
18,236;-30;628;;22,209;-51;736
18,245;-30;628;;22,217;-51;726
18,253;-30;628;;22,232;-51;736
18,266;-30;638;;22,241;-51;726
18,275;-30;628;;22,249;-51;726
18,287;-30;618;;22,26;-51;726
18,296;-30;628;;22,27;-51;726
18,313;-30;638;;22,281;-51;736
18,326;-30;647;;22,29;-51;736
18,336;-30;647;;22,3;-51;736
18,345;-30;647;;22,317;-51;726
18,354;-30;638;;22,33;-51;736
18,366;-30;638;;22,339;-51;726
18,375;-30;657;;22,349;-51;726
18,386;-30;647;;22,36;-51;736
18,396;-30;647;;22,371;-51;736
18,407;-30;647;;22,381;-51;736
18,415;-30;647;;22,39;-51;736
18,426;-30;647;;22,401;-51;726
18,437;-30;638;;22,409;-51;736
18,445;-30;647;;22,42;-51;726
18,456;-30;647;;22,43;-51;726
18,464;-30;638;;22,439;-51;736
18,473;-30;647;;22,45;-51;736
18,484;-30;638;;22,46;-51;726
18,494;-30;647;;22,469;-51;736
18,503;-30;647;;22,482;-51;746
18,516;-30;657;;22,49;-51;736
18,524;-30;657;;22,499;-51;746
18,535;-30;647;;22,511;-51;746
18,546;-30;638;;22,518;-51;736
18,554;-30;647;;22,529;-51;746
18,565;-30;647;;22,537;-51;736
18,573;-30;647;;22,548;-51;746
18,586;-30;647;;22,558;-51;736
18,595;-30;647;;22,567;-51;736
18,603;-30;647;;22,578;-51;736
18,616;-30;647;;22,588;-51;736
18,624;-30;647;;22,599;-51;746
18,635;-30;657;;22,607;-51;746
18,646;-30;657;;22,618;-51;746
18,656;-30;647;;22,627;-51;736
18,665;-30;638;;22,637;-51;746
18,674;-30;647;;22,648;-51;736
18,684;-30;647;;22,659;-51;736
18,695;-30;647;;22,667;-51;736
18,703;-30;647;;22,678;-51;736
18,714;-30;647;;22,689;-51;736
18,725;-30;647;;22,699;-51;746
18,733;-30;647;;22,708;-51;746
18,742;-30;657;;22,718;-51;755
18,755;-30;657;;22,727;-51;746
18,765;-30;657;;22,738;-51;736
18,774;-30;647;;22,748;-51;746
18,784;-30;638;;22,757;-51;746
18,795;-30;647;;22,767;-51;736
18,806;-30;647;;22,778;-51;746
18,812;-30;647;;22,787;-51;746
18,825;-30;647;;22,797;-51;736
18,836;-30;647;;22,808;-51;746
18,844;-30;638;;22,819;-51;736
18,855;-30;647;;22,829;-51;736
18,866;-30;647;;22,84;-51;736
18,872;-30;657;;22,849;-51;746
18,885;-30;657;;22,857;-51;736
18,893;-30;657;;22,87;-51;736
18,904;-30;647;;22,881;-51;746
18,915;-30;647;;22,889;-51;736
18,923;-30;647;;22,9;-51;736
18,932;-30;657;;22,908;-51;736
18,944;-30;657;;22,917;-51;736
18,953;-30;647;;22,93;-51;726
18,962;-30;657;;22,936;-51;736
18,974;-30;647;;22,949;-51;736
18,983;-30;647;;22,957;-51;726
18,994;-30;657;;22,977;-51;726
19,006;-30;657;;22,987;-51;736
19,015;-30;647;;22,998;-51;736
19,023;-30;647;;23,009;-51;736
19,032;-30;647;;23,017;-51;736
19,045;-30;647;;23,028;-51;746
19,055;-30;647;;23,036;-51;736
19,064;-30;647;;23,047;-51;736
19,075;-30;647;;23,058;-51;726
19,085;-30;657;;23,066;-51;736
19,094;-30;647;;23,077;-51;736
19,104;-30;647;;23,088;-51;736
19,113;-30;657;;23,096;-51;736
19,124;-30;657;;23,107;-51;736
19,141;-30;657;;23,117;-51;726
19,151;-30;657;;23,128;-51;736
19,164;-30;647;;23,139;-51;736
19,175;-30;657;;23,147;-51;736
19,183;-30;657;;23,158;-51;736
19,194;-30;657;;23,166;-51;746
19,205;-30;667;;23,177;-51;736
19,213;-30;657;;23,188;-51;736
19,226;-30;657;;23,196;-51;736
19,235;-30;647;;23,207;-51;736
19,243;-30;647;;23,218;-51;746
19,256;-30;657;;23,226;-51;726
19,264;-30;647;;23,237;-51;736
19,282;-30;647;;23,248;-51;736
19,294;-30;647;;23,256;-51;736
19,305;-30;647;;23,267;-51;736
19,314;-30;647;;23,277;-51;736
19,324;-30;657;;23,286;-51;726
19,335;-30;657;;23,297;-51;726
19,343;-30;657;;23,307;-51;726
19,354;-30;657;;23,318;-51;736
19,365;-30;667;;23,335;-51;736
19,373;-30;657;;23,348;-51;736
19,382;-30;667;;23,358;-51;736
19,395;-30;667;;23,369;-51;736
19,405;-30;657;;23,38;-51;726
19,414;-30;647;;23,388;-51;716
19,422;-30;657;;23,397;-51;716
19,433;-30;657;;23,41;-51;716
19,444;-30;657;;23,42;-51;716
19,454;-30;657;;23,429;-51;726
19,463;-30;657;;23,437;-51;726
19,474;-30;657;;23,45;-51;716
19,484;-30;667;;23,459;-51;726
19,493;-30;667;;23,476;-51;726
19,503;-30;657;;23,489;-51;726
19,514;-30;667;;23,499;-51;726
19,523;-30;667;;23,508;-51;736
19,535;-30;667;;23,518;-51;736
19,542;-30;667;;23,529;-51;726
19,555;-30;667;;23,54;-51;726
19,563;-30;667;;23,548;-51;726
19,572;-30;677;;23,559;-51;726
19,585;-30;677;;23,57;-51;716
19,591;-30;677;;23,578;-51;716
19,604;-30;687;;23,589;-51;726
19,612;-30;687;;23,597;-51;726
19,623;-30;677;;23,608;-51;726
19,631;-30;687;;23,617;-51;736
19,642;-30;677;;23,629;-51;726
19,653;-30;677;;23,636;-51;726
19,661;-30;667;;23,649;-51;746
19,674;-30;677;;23,657;-51;736
19,685;-30;667;;23,668;-51;736
19,691;-30;677;;23,678;-51;746
19,704;-30;667;;23,696;-51;746
19,713;-30;677;;23,708;-51;736
19,721;-30;667;;23,719;-51;736
19,734;-30;667;;23,73;-51;746
19,742;-30;667;;23,738;-51;736
19,755;-30;667;;23,749;-51;726
19,762;-30;667;;23,757;-51;736
19,781;-40;667;;23,768;-51;736
19,794;-40;677;;23,779;-51;726
19,802;-40;667;;23,785;-51;726
19,811;-40;677;;23,798;-51;736
19,821;-40;677;;23,809;-51;726
19,832;-40;687;;23,819;-51;726
19,843;-40;677;;23,828;-51;726
19,853;-40;677;;23,838;-51;726
19,864;-40;677;;23,847;-51;736
19,873;-40;677;;23,858;-51;736
19,89;-40;677;;23,868;-51;726
19,905;-40;687;;23,879;-51;736
19,913;-40;677;;23,89;-51;726
19,924;-40;677;;23,898;-51;726
19,934;-40;677;;23,907;-51;726
19,943;-40;677;;23,926;-51;736
19,954;-40;677;;23,939;-51;726
19,971;-40;677;;23,947;-51;736
19,983;-40;687;;23,958;-51;726
19,992;-40;677;;23,969;-51;736
20,003;-40;687;;23,979;-51;726
20,011;-40;697;;23,988;-51;736
20,024;-40;697;;23,998;-51;736
20,035;-40;697;;24,009;-51;736
20,043;-40;706;;24,02;-51;736
20,054;-40;697;;24,028;-51;736
20,062;-40;687;;24,039;-51;736
20,073;-40;697;;24,05;-51;736
20,082;-40;697;;24,058;-51;736
20,092;-40;706;;24,067;-51;726
20,101;-40;706;;24,08;-51;736
20,114;-40;706;;24,088;-51;736
20,12;-40;697;;24,099;-51;736
20,133;-40;697;;24,107;-51;736
20,143;-40;706;;24,118;-51;746
20,152;-40;697;;24,129;-51;736
20,163;-40;706;;24,137;-51;736
20,173;-40;716;;24,148;-51;746
20,19;-40;697;;24,156;-51;746
20,203;-40;706;;24,169;-51;746
20,22;-40;706;;24,176;-51;736
20,233;-40;716;;24,188;-51;736
20,244;-40;706;;24,197;-51;736
20,254;-40;706;;24,214;-51;736
20,263;-40;706;;24,229;-51;736
20,271;-40;706;;24,237;-51;726
20,284;-40;697;;24,248;-51;726
20,291;-40;706;;24,257;-51;736
20,303;-40;716;;24,267;-51;746
20,312;-40;706;;24,276;-51;736
20,323;-40;706;;24,284;-51;736
20,331;-40;697;;24,299;-51;736
20,342;-40;706;;24,308;-51;746
20,359;-40;706;;24,325;-51;746
20,372;-40;706;;24,338;-51;736
20,385;-40;697;;24,346;-51;746
20,393;-40;706;;24,357;-51;736
20,402;-40;706;;24,368;-51;746
20,41;-40;706;;24,378;-51;736
20,421;-40;716;;24,385;-51;736
20,431;-40;716;;24,395;-51;746
20,44;-40;706;;24,408;-51;736
20,453;-40;716;;24,417;-51;736
20,463;-40;706;;24,427;-51;736
20,472;-40;706;;24,438;-51;736
20,481;-40;706;;24,449;-51;736
20,491;-40;716;;24,457;-51;726
20,502;-40;716;;24,468;-51;726
20,513;-40;716;;24,478;-51;726
20,523;-40;716;;24,487;-51;726
20,53;-40;706;;24,498;-51;736
20,542;-40;706;;24,506;-51;736
20,553;-40;706;;24,517;-51;736
20,562;-40;706;;24,528;-51;736
20,57;-40;706;;24,536;-51;736
20,583;-40;716;;24,547;-51;726
20,591;-40;716;;24,557;-51;736
20,604;-40;716;;24,568;-51;726
20,613;-40;716;;24,579;-51;736
20,621;-40;716;;24,587;-51;736
20,634;-40;716;;24,604;-51;726
20,643;-40;716;;24,615;-51;736
20,653;-40;726;;24,628;-51;736
20,662;-40;726;;24,636;-51;746
20,673;-40;716;;24,647;-51;736
20,683;-40;716;;24,656;-51;746
20,692;-40;706;;24,666;-51;736
20,702;-40;716;;24,677;-51;736
20,713;-40;706;;24,688;-51;746
20,724;-40;706;;24,698;-51;736
20,732;-40;716;;24,707;-51;726
20,743;-40;716;;24,717;-51;736
20,751;-40;706;;24,728;-51;726
20,762;-40;706;;24,737;-51;726
20,771;-40;697;;24,747;-51;726
20,783;-40;697;;24,756;-51;736
20,792;-40;706;;24,766;-51;726
20,803;-40;706;;24,777;-51;716
20,811;-40;706;;24,786;-51;716
20,822;-40;697;;24,796;-51;716
20,833;-40;706;;24,807;-51;716
20,841;-40;697;;24,816;-51;726
20,852;-40;706;;24,824;-51;716
20,86;-40;716;;24,837;-51;716
20,871;-40;706;;24,845;-51;716
20,884;-40;706;;24,858;-51;716
20,892;-40;716;;24,867;-51;716
20,909;-40;706;;24,877;-51;716
20,922;-40;706;;24,888;-51;716
20,933;-40;706;;24,897;-51;706
20,941;-40;706;;24,907;-51;726
20,952;-40;706;;24,916;-51;716
20,963;-40;716;;24,926;-51;726
20,971;-40;706;;24,937;-51;716
20,982;-40;697;;24,946;-51;716
20,993;-40;706;;24,956;-51;716
21,001;-40;706;;24,967;-51;726
21,012;-40;697;;24,978;-51;716
21,02;-40;697;;24,986;-51;726
21,033;-40;706;;24,997;-51;726
21,039;-40;706;;25,005;-51;726
21,052;-40;706;;25,022;-51;716
21,059;-40;706;;25,035;-51;726
21,069;-40;706;;25,048;-51;716
21,082;-40;706;;25,057;-51;716
21,099;-40;706;;25,065;-51;726
21,112;-40;706;;25,078;-51;726
21,121;-40;706;;25,086;-51;726
21,131;-40;706;;25,097;-51;716
21,14;-40;697;;25,108;-51;726
21,153;-40;697;;25,114;-51;726
21,161;-40;706;;25,127;-51;726
21,172;-40;706;;25,133;-51;716
21,182;-40;697;;25,146;-51;716
21,189;-40;697;;25,157;-51;716
21,199;-40;706;;25,168;-51;726
21,21;-40;697;;25,174;-51;726
21,221;-40;706;;25,185;-51;726
21,232;-51;706;;25,195;-51;726
21,242;-51;706;;25,204;-51;726
21,251;-51;706;;25,217;-51;726
21,259;-51;697;;25,227;-51;716
21,272;-51;697;;25,242;-51;716
21,283;-51;697;;25,255;-51;716
21,289;-51;697;;25,266;-51;716
21,302;-51;706;;25,276;-51;706
21,31;-51;706;;25,285;-51;716
21,319;-51;697;;25,296;-51;706
21,332;-51;706;;25,306;-51;716
21,349;-51;706;;25,317;-51;716
21,362;-51;706;;25,323;-51;726
21,379;-51;706;;25,336;-51;726
21,389;-51;706;;25,349;-51;726
21,402;-51;706;;25,353;-51;716
21,411;-51;706;;25,366;-51;716
21,421;-51;706;;25,374;-51;706
21,432;-51;706;;25,385;-51;716
21,441;-51;697;;25,396;-51;716
21,449;-51;706;;25,406;-51;716
21,462;-51;716;;25,415;-51;726
21,468;-51;716;;25,426;-51;726
21,481;-51;706;;25,436;-51;716
21,492;-51;716;;;;
21,5;-51;706;;;;
21,513;-51;716;;;;
21,519;-51;716;;;;
21,532;-51;716;;;;
21,541;-51;716;;;;
21,551;-51;716;;;;
21,56;-51;716;;;;
21,569;-51;716;;;;
21,581;-51;716;;;;
21,59;-51;716;;;;
21,601;-51;716;;;;
21,611;-51;726;;;;
21,62;-51;726;;;;
21,628;-51;736;;;;
21,641;-51;746;;;;
21,652;-51;736;;;;
21,66;-51;736;;;;
21,671;-51;726;;;;
21,679;-51;736;;;;
21,69;-51;736;;;;
21,701;-51;736;;;;
21,711;-51;736;;;;
21,72;-51;746;;;;
21,731;-51;736;;;;
21,741;-51;736;;;;
21,75;-51;736;;;;
21,758;-51;726;;;;
21,769;-51;726;;;;
21,782;-51;736;;;;
21,788;-51;726;;;;
21,801;-51;736;;;;
21,81;-51;726;;;;
21,82;-51;726;;;;
21,831;-51;736;;;;
21,848;-51;736;;;;
21,861;-51;726;;;;
21,871;-51;726;;;;
21,882;-51;726;;;;
21,891;-51;716;;;;
21,901;-51;726;;;;
21,91;-51;716;;;;
21,921;-51;716;;;;
21,931;-51;706;;;;
21,94;-51;706;;;;
21,95;-51;716;;;;
21,961;-51;716;;;;
21,97;-51;706;;;;
21,98;-51;716;;;;
21,991;-51;726;;;;
21,999;-51;726;;;;
22,01;-51;716;;;;
22,021;-51;726;;;;
22,031;-51;726;;;;
22,04;-51;736;;;;
22,051;-51;736;;;;
22,059;-51;726;;;;
22,07;-51;726;;;;
22,081;-51;716;;;;
22,091;-51;726;;;;
22,1;-51;716;;;;
22,11;-51;726;;;;
22,121;-51;726;;;;
22,13;-51;726;;;;
22,14;-51;726;;;;
22,151;-51;726;;;;
22,159;-51;716;;;;
22,17;-51;726;;;;
22,181;-51;726;;;;
22,189;-51;736;;;;
22,2;-51;736;;;;
22,209;-51;736;;;;
22,217;-51;726;;;;
22,232;-51;736;;;;
22,241;-51;726;;;;
22,249;-51;726;;;;
22,26;-51;726;;;;
22,27;-51;726;;;;
22,281;-51;736;;;;
22,29;-51;736;;;;
22,3;-51;736;;;;
22,317;-51;726;;;;
22,33;-51;736;;;;
22,339;-51;726;;;;
22,349;-51;726;;;;
22,36;-51;736;;;;
22,371;-51;736;;;;
22,381;-51;736;;;;
22,39;-51;736;;;;
22,401;-51;726;;;;
22,409;-51;736;;;;
22,42;-51;726;;;;
22,43;-51;726;;;;
22,439;-51;736;;;;
22,45;-51;736;;;;
22,46;-51;726;;;;
22,469;-51;736;;;;
22,482;-51;746;;;;
22,49;-51;736;;;;
22,499;-51;746;;;;
22,511;-51;746;;;;
22,518;-51;736;;;;
22,529;-51;746;;;;
22,537;-51;736;;;;
22,548;-51;746;;;;
22,558;-51;736;;;;
22,567;-51;736;;;;
22,578;-51;736;;;;
22,588;-51;736;;;;
22,599;-51;746;;;;
22,607;-51;746;;;;
22,618;-51;746;;;;
22,627;-51;736;;;;
22,637;-51;746;;;;
22,648;-51;736;;;;
22,659;-51;736;;;;
22,667;-51;736;;;;
22,678;-51;736;;;;
22,689;-51;736;;;;
22,699;-51;746;;;;
22,708;-51;746;;;;
22,718;-51;755;;;;
22,727;-51;746;;;;
22,738;-51;736;;;;
22,748;-51;746;;;;
22,757;-51;746;;;;
22,767;-51;736;;;;
22,778;-51;746;;;;
22,787;-51;746;;;;
22,797;-51;736;;;;
22,808;-51;746;;;;
22,819;-51;736;;;;
22,829;-51;736;;;;
22,84;-51;736;;;;
22,849;-51;746;;;;
22,857;-51;736;;;;
22,87;-51;736;;;;
22,881;-51;746;;;;
22,889;-51;736;;;;
22,9;-51;736;;;;
22,908;-51;736;;;;
22,917;-51;736;;;;
22,93;-51;726;;;;
22,936;-51;736;;;;
22,949;-51;736;;;;
22,957;-51;726;;;;
22,977;-51;726;;;;
22,987;-51;736;;;;
22,998;-51;736;;;;
23,009;-51;736;;;;
23,017;-51;736;;;;
23,028;-51;746;;;;
23,036;-51;736;;;;
23,047;-51;736;;;;
23,058;-51;726;;;;
23,066;-51;736;;;;
23,077;-51;736;;;;
23,088;-51;736;;;;
23,096;-51;736;;;;
23,107;-51;736;;;;
23,117;-51;726;;;;
23,128;-51;736;;;;
23,139;-51;736;;;;
23,147;-51;736;;;;
23,158;-51;736;;;;
23,166;-51;746;;;;
23,177;-51;736;;;;
23,188;-51;736;;;;
23,196;-51;736;;;;
23,207;-51;736;;;;
23,218;-51;746;;;;
23,226;-51;726;;;;
23,237;-51;736;;;;
23,248;-51;736;;;;
23,256;-51;736;;;;
23,267;-51;736;;;;
23,277;-51;736;;;;
23,286;-51;726;;;;
23,297;-51;726;;;;
23,307;-51;726;;;;
23,318;-51;736;;;;
23,335;-51;736;;;;
23,348;-51;736;;;;
23,358;-51;736;;;;
23,369;-51;736;;;;
23,38;-51;726;;;;
23,388;-51;716;;;;
23,397;-51;716;;;;
23,41;-51;716;;;;
23,42;-51;716;;;;
23,429;-51;726;;;;
23,437;-51;726;;;;
23,45;-51;716;;;;
23,459;-51;726;;;;
23,476;-51;726;;;;
23,489;-51;726;;;;
23,499;-51;726;;;;
23,508;-51;736;;;;
23,518;-51;736;;;;
23,529;-51;726;;;;
23,54;-51;726;;;;
23,548;-51;726;;;;
23,559;-51;726;;;;
23,57;-51;716;;;;
23,578;-51;716;;;;
23,589;-51;726;;;;
23,597;-51;726;;;;
23,608;-51;726;;;;
23,617;-51;736;;;;
23,629;-51;726;;;;
23,636;-51;726;;;;
23,649;-51;746;;;;
23,657;-51;736;;;;
23,668;-51;736;;;;
23,678;-51;746;;;;
23,696;-51;746;;;;
23,708;-51;736;;;;
23,719;-51;736;;;;
23,73;-51;746;;;;
23,738;-51;736;;;;
23,749;-51;726;;;;
23,757;-51;736;;;;
23,768;-51;736;;;;
23,779;-51;726;;;;
23,785;-51;726;;;;
23,798;-51;736;;;;
23,809;-51;726;;;;
23,819;-51;726;;;;
23,828;-51;726;;;;
23,838;-51;726;;;;
23,847;-51;736;;;;
23,858;-51;736;;;;
23,868;-51;726;;;;
23,879;-51;736;;;;
23,89;-51;726;;;;
23,898;-51;726;;;;
23,907;-51;726;;;;
23,926;-51;736;;;;
23,939;-51;726;;;;
23,947;-51;736;;;;
23,958;-51;726;;;;
23,969;-51;736;;;;
23,979;-51;726;;;;
23,988;-51;736;;;;
23,998;-51;736;;;;
24,009;-51;736;;;;
24,02;-51;736;;;;
24,028;-51;736;;;;
24,039;-51;736;;;;
24,05;-51;736;;;;
24,058;-51;736;;;;
24,067;-51;726;;;;
24,08;-51;736;;;;
24,088;-51;736;;;;
24,099;-51;736;;;;
24,107;-51;736;;;;
24,118;-51;746;;;;
24,129;-51;736;;;;
24,137;-51;736;;;;
24,148;-51;746;;;;
24,156;-51;746;;;;
24,169;-51;746;;;;
24,176;-51;736;;;;
24,188;-51;736;;;;
24,197;-51;736;;;;
24,214;-51;736;;;;
24,229;-51;736;;;;
24,237;-51;726;;;;
24,248;-51;726;;;;
24,257;-51;736;;;;
24,267;-51;746;;;;
24,276;-51;736;;;;
24,284;-51;736;;;;
24,299;-51;736;;;;
24,308;-51;746;;;;
24,325;-51;746;;;;
24,338;-51;736;;;;
24,346;-51;746;;;;
24,357;-51;736;;;;
24,368;-51;746;;;;
24,378;-51;736;;;;
24,385;-51;736;;;;
24,395;-51;746;;;;
24,408;-51;736;;;;
24,417;-51;736;;;;
24,427;-51;736;;;;
24,438;-51;736;;;;
24,449;-51;736;;;;
24,457;-51;726;;;;
24,468;-51;726;;;;
24,478;-51;726;;;;
24,487;-51;726;;;;
24,498;-51;736;;;;
24,506;-51;736;;;;
24,517;-51;736;;;;
24,528;-51;736;;;;
24,536;-51;736;;;;
24,547;-51;726;;;;
24,557;-51;736;;;;
24,568;-51;726;;;;
24,579;-51;736;;;;
24,587;-51;736;;;;
24,604;-51;726;;;;
24,615;-51;736;;;;
24,628;-51;736;;;;
24,636;-51;746;;;;
24,647;-51;736;;;;
24,656;-51;746;;;;
24,666;-51;736;;;;
24,677;-51;736;;;;
24,688;-51;746;;;;
24,698;-51;736;;;;
24,707;-51;726;;;;
24,717;-51;736;;;;
24,728;-51;726;;;;
24,737;-51;726;;;;
24,747;-51;726;;;;
24,756;-51;736;;;;
24,766;-51;726;;;;
24,777;-51;716;;;;
24,786;-51;716;;;;
24,796;-51;716;;;;
24,807;-51;716;;;;
24,816;-51;726;;;;
24,824;-51;716;;;;
24,837;-51;716;;;;
24,845;-51;716;;;;
24,858;-51;716;;;;
24,867;-51;716;;;;
24,877;-51;716;;;;
24,888;-51;716;;;;
24,897;-51;706;;;;
24,907;-51;726;;;;
24,916;-51;716;;;;
24,926;-51;726;;;;
24,937;-51;716;;;;
24,946;-51;716;;;;
24,956;-51;716;;;;
24,967;-51;726;;;;
24,978;-51;716;;;;
24,986;-51;726;;;;
24,997;-51;726;;;;
25,005;-51;726;;;;
25,022;-51;716;;;;
25,035;-51;726;;;;
25,048;-51;716;;;;
25,057;-51;716;;;;
25,065;-51;726;;;;
25,078;-51;726;;;;
25,086;-51;726;;;;
25,097;-51;716;;;;
25,108;-51;726;;;;
25,114;-51;726;;;;
25,127;-51;726;;;;
25,133;-51;716;;;;
25,146;-51;716;;;;
25,157;-51;716;;;;
25,168;-51;726;;;;
25,174;-51;726;;;;
25,185;-51;726;;;;
25,195;-51;726;;;;
25,204;-51;726;;;;
25,217;-51;726;;;;
25,227;-51;716;;;;
25,242;-51;716;;;;
25,255;-51;716;;;;
25,266;-51;716;;;;
25,276;-51;706;;;;
25,285;-51;716;;;;
25,296;-51;706;;;;
25,306;-51;716;;;;
25,317;-51;716;;;;
25,323;-51;726;;;;
25,336;-51;726;;;;
25,349;-51;726;;;;
25,353;-51;716;;;;
25,366;-51;716;;;;
25,374;-51;706;;;;
25,385;-51;716;;;;
25,396;-51;716;;;;
25,406;-51;716;;;;
25,415;-51;726;;;;
25,426;-51;726;;;;
25,436;-51;716;;;;
